{"cameraMode":{"drawMode":0,"name":"Shaded","section":"Shading Mode"},"sceneLighting":false,"audioPlay":false,"sceneViewState":{"showFog":true,"showMaterialUpdate":false,"showSkybox":false,"showFlares":true,"showImageEffects":true,"showParticleSystems":true},"in2DMode":false,"pivot":{"x":-3.882566452026367,"y":34.633392333984378,"z":-19.86224365234375},"rotation":{"x":0.0028551118448376657,"y":0.9946601986885071,"z":-0.0991053655743599,"w":0.028655093163251878},"size":7228.8564453125,"orthographic":false}