{"cameraMode":{"drawMode":0,"name":"Shaded","section":"Shading Mode"},"sceneLighting":false,"audioPlay":false,"sceneViewState":{"showFog":true,"showMaterialUpdate":false,"showSkybox":false,"showFlares":true,"showImageEffects":true,"showParticleSystems":true},"in2DMode":false,"pivot":{"x":21.00652503967285,"y":-160.62799072265626,"z":18.51025390625},"rotation":{"x":0.0022662878036499025,"y":0.9907197952270508,"z":-0.13487814366817475,"w":0.016646608710289},"size":544.8026733398438,"orthographic":false}