{"cameraMode":{"drawMode":0,"name":"Shaded","section":"Shading Mode"},"sceneLighting":false,"audioPlay":false,"sceneViewState":{"showFog":true,"showMaterialUpdate":false,"showSkybox":false,"showFlares":true,"showImageEffects":true,"showParticleSystems":true},"in2DMode":false,"pivot":{"x":-1.4875508546829224,"y":3.219160556793213,"z":0.11000347137451172},"rotation":{"x":0.00009316326031694189,"y":0.9997450113296509,"z":0.0221883412450552,"w":-0.004197998903691769},"size":11.264477729797364,"orthographic":false}